,City,Lat,Lng,Max Temp,Humidity,Cloudiness,Wind Speed,Country,Date
0,victoria,22.2855,114.1577,75.0,87,100,1.01,HK,1619450373
1,cidreira,-30.1811,-50.2056,67.98,63,66,13.58,BR,1619450441
2,ust-kuyga,70.0167,135.6,27.34,98,100,1.7,RU,1619450441
3,maanshan,31.6957,118.4983,64.4,100,90,6.71,CN,1619450441
4,manggar,-2.8833,108.2667,82.47,71,25,5.95,ID,1619450442
5,san ramon,37.7799,-121.978,51.01,87,1,4.12,US,1619450245
6,rikitea,-23.1203,-134.9692,77.02,75,10,5.01,PF,1619450442
7,kruisfontein,-34.0033,24.7314,64.0,79,100,3.0,ZA,1619450442
8,nikolskoye,59.7035,30.7861,42.01,81,90,4.47,RU,1619450443
9,tuatapere,-46.1333,167.6833,42.01,87,100,10.0,NZ,1619450443
10,ushuaia,-54.8,-68.3,41.0,93,75,3.44,AR,1619450294
11,bethel,41.3712,-73.414,48.2,37,1,13.8,US,1619450444
12,eyrarbakki,63.863,-21.1481,50.0,57,0,5.75,IS,1619450444
13,cape town,-33.9258,18.4232,71.01,64,75,12.66,ZA,1619450444
14,yumen,40.2833,97.2,48.67,13,92,6.58,CN,1619450445
15,carnarvon,-24.8667,113.6333,68.0,83,0,6.35,AU,1619450445
16,jamestown,42.097,-79.2353,42.01,52,1,9.22,US,1619450446
17,punta arenas,-53.15,-70.9167,46.4,93,90,6.91,CL,1619450263
18,ribeira grande,38.5167,-28.7,62.6,77,40,8.05,PT,1619450446
19,yellowknife,62.456,-114.3525,0.0,65,20,13.8,CA,1619450358
20,east london,-33.0153,27.9116,73.4,73,0,6.91,ZA,1619450447
21,hobart,-42.8794,147.3294,51.8,71,6,4.61,AU,1619450419
22,port alfred,-33.5906,26.891,77.05,61,100,12.46,ZA,1619450447
23,saint-philippe,-21.3585,55.7679,78.8,73,100,14.97,RE,1619450448
24,hermanus,-34.4187,19.2345,70.0,67,15,17.31,ZA,1619450448
25,longyearbyen,78.2186,15.6401,23.0,58,20,12.66,SJ,1619450448
26,merauke,-8.4667,140.3333,77.29,90,100,7.54,ID,1619450449
27,mataura,-46.1927,168.8643,42.01,87,100,10.0,NZ,1619450449
28,taonan,45.3333,122.7833,61.56,26,76,23.38,CN,1619450449
29,te anau,-45.4167,167.7167,37.47,90,76,1.52,NZ,1619450450
30,kathu,7.9178,98.3332,84.99,94,75,1.14,TH,1619450450
31,provideniya,64.3833,-173.3,31.14,93,66,2.08,RU,1619450450
32,ponta do sol,32.6667,-17.1,68.0,77,35,5.99,PT,1619450451
33,nurobod,40.9056,69.8023,77.0,25,0,6.91,UZ,1619450451
34,deputatskiy,69.3,139.9,18.09,91,100,2.28,RU,1619450451
35,hilo,19.7297,-155.09,69.8,78,20,6.91,US,1619450428
36,beringovskiy,63.05,179.3167,25.79,94,64,3.98,RU,1619450452
37,beloha,-25.1667,45.05,78.01,67,8,9.44,MG,1619450453
38,orbetello,42.4408,11.2196,68.0,37,0,10.36,IT,1619450453
39,baghdad,33.3406,44.4009,96.8,20,40,9.22,IQ,1619450454
40,santona,43.4439,-3.4576,61.0,82,75,4.61,ES,1619450454
41,avarua,-21.2078,-159.775,71.6,100,68,1.14,CK,1619450454
42,mirnyy,62.5353,113.9611,15.26,85,89,9.95,RU,1619450455
43,hasaki,35.7333,140.8333,48.2,53,20,8.05,JP,1619450455
44,busselton,-33.65,115.3333,59.0,87,100,1.01,AU,1619450455
45,sergach,55.5308,45.4661,47.75,48,8,12.55,RU,1619450456
46,korla,41.7597,86.1469,57.96,30,27,8.48,CN,1619450456
47,sistranda,63.7256,8.834,41.0,70,75,11.5,NO,1619450456
48,barrow,71.2906,-156.7887,8.6,78,1,12.66,US,1619450457
49,arraial do cabo,-22.9661,-42.0278,80.6,74,20,3.44,BR,1619450457
50,cootamundra,-34.65,148.0333,47.77,71,0,2.68,AU,1619450458
51,kapaa,22.0752,-159.319,73.4,78,90,11.5,US,1619450458
52,asau,46.4333,26.4,46.0,43,45,1.88,RO,1619450458
53,mitsamiouli,-11.3847,43.2844,86.0,70,20,8.05,KM,1619450459
54,batticaloa,7.7102,81.6924,82.29,77,98,12.41,LK,1619450459
55,vaini,-21.2,-175.2,75.2,100,75,3.44,TO,1619450459
56,limeira,-22.5647,-47.4017,84.99,37,51,2.44,BR,1619450439
57,awjilah,29.1081,21.2869,81.79,19,0,7.72,LY,1619450460
58,puerto leguizamo,-0.1934,-74.7819,84.16,69,99,2.15,CO,1619450460
59,shar,49.5886,81.0453,54.37,29,95,9.26,KZ,1619450460
60,atuona,-9.8,-139.0333,79.47,70,100,14.03,PF,1619450461
61,albany,42.6001,-73.9662,46.0,35,7,7.0,US,1619450461
62,horsham,51.064,-0.3272,54.0,47,0,12.66,GB,1619450461
63,kaeo,-35.1,173.7833,48.0,95,25,1.99,NZ,1619450462
64,butaritari,3.0707,172.7902,82.98,75,95,15.46,KI,1619450462
65,chuy,-33.6971,-53.4616,66.18,54,31,12.1,UY,1619450463
66,khanpur,28.6453,70.6567,98.56,6,0,8.95,PK,1619450463
67,dikson,73.5069,80.5464,31.87,98,100,19.06,RU,1619450463
68,coquimbo,-29.9533,-71.3436,57.2,88,90,2.3,CL,1619450464
69,bestobe,52.4994,73.0975,53.64,62,100,16.24,KZ,1619450464
70,puerto ayora,-0.7393,-90.3518,78.8,83,75,13.8,EC,1619450465
71,qaanaaq,77.484,-69.3632,36.73,69,54,8.16,GL,1619450465
72,upernavik,72.7868,-56.1549,36.41,88,100,3.04,GL,1619450465
73,coihaique,-45.5752,-72.0662,55.4,62,75,3.44,CL,1619450466
74,hithadhoo,-0.6,73.0833,83.55,63,13,5.39,MV,1619450466
75,souillac,-20.5167,57.5167,77.0,83,75,13.8,MU,1619450466
76,road town,18.4167,-64.6167,82.99,69,40,6.91,VG,1619450467
77,ovruch,51.3246,28.8035,43.16,56,100,8.37,UA,1619450467
78,chokurdakh,70.6333,147.9167,21.34,95,100,5.21,RU,1619450467
79,okhotsk,59.3833,143.3,19.33,81,40,3.56,RU,1619450468
80,bluff,-46.6,168.3333,42.01,87,82,10.0,NZ,1619450468
81,tete,-16.1564,33.5867,93.0,40,40,10.36,MZ,1619450468
82,vahan,40.5755,45.3977,52.18,71,88,5.17,AM,1619450469
83,havre-saint-pierre,50.2334,-63.5986,41.0,87,90,24.16,CA,1619450469
84,bredasdorp,-34.5322,20.0403,66.2,68,0,6.91,ZA,1619450469
85,ajdabiya,30.7554,20.2263,71.74,41,6,10.65,LY,1619450390
86,vestmanna,62.1564,-7.1664,48.2,81,75,11.5,FO,1619450470
87,prieska,-29.6641,22.7474,81.63,16,99,14.97,ZA,1619450470
88,tuktoyaktuk,69.4541,-133.0374,3.2,78,20,10.36,CA,1619450471
89,kozluk,38.1938,41.4885,86.0,21,75,18.41,TR,1619450471
90,maxixe,-23.8597,35.3472,75.76,74,0,8.16,MZ,1619450471
91,kalmunai,7.4167,81.8167,82.36,75,95,11.41,LK,1619450472
92,moyale,3.5167,39.0584,73.78,69,93,4.38,KE,1619450472
93,palora,-1.7,-77.9333,69.8,88,90,2.3,EC,1619450473
94,gazanjyk,39.2446,55.5154,90.72,18,1,4.41,TM,1619450473
95,salalah,17.0151,54.0924,84.2,70,40,8.05,OM,1619450473
96,sao miguel do araguaia,-13.275,-50.1628,84.52,63,33,3.78,BR,1619450474
97,seoul,37.5683,126.9778,59.0,76,0,1.14,KR,1619450474
98,port macquarie,-31.4333,152.9167,54.0,99,7,1.01,AU,1619450474
99,yuancheng,36.652,107.7896,48.9,33,96,7.43,CN,1619450475
100,mangit,40.5971,70.9607,71.6,35,0,4.61,UZ,1619450475
101,huejuquilla el alto,22.6,-103.8667,68.92,30,97,2.44,MX,1619450476
102,eydhafushi,5.1033,73.0708,84.49,69,10,3.8,MV,1619450476
103,flinders,-34.5833,150.8552,54.0,84,10,1.01,AU,1619450476
104,georgetown,5.4112,100.3354,86.0,84,40,3.44,MY,1619450292
105,berlevag,70.8578,29.0864,35.6,64,40,14.97,NO,1619450477
106,oskarshamn,57.2645,16.4484,45.0,47,100,5.99,SE,1619450477
107,lebu,-37.6167,-73.65,58.55,67,0,10.56,CL,1619450478
108,pisco,-13.7,-76.2167,68.0,83,0,6.91,PE,1619450478
109,sao filipe,14.8961,-24.4956,71.82,76,24,9.46,CV,1619450478
110,bumbuna,9.05,-11.7333,96.66,33,92,5.73,SL,1619450479
111,uberlandia,-18.9186,-48.2772,80.6,36,20,4.61,BR,1619450479
112,dodola,6.9833,39.1833,54.46,93,100,3.58,ET,1619450479
113,vila franca do campo,37.7167,-25.4333,62.6,77,75,10.36,PT,1619450480
114,labuhan,-6.8844,112.2051,79.79,81,20,6.67,ID,1619450480
115,buy,58.4786,41.53,40.64,80,100,11.99,RU,1619450480
116,castro,-24.7911,-50.0119,70.66,59,21,1.54,BR,1619450481
117,kawalu,-7.3817,108.2082,72.41,96,22,0.89,ID,1619450481
118,kaitangata,-46.2817,169.8464,43.0,81,92,8.99,NZ,1619450481
119,thompson,55.7435,-97.8558,30.2,100,90,3.44,CA,1619450482
120,kodinsk,58.6881,99.1844,25.09,94,41,2.86,RU,1619450482
121,touros,-5.1989,-35.4608,86.0,66,40,14.97,BR,1619450482
122,narsaq,60.9167,-46.05,41.0,81,75,12.66,GL,1619450192
123,shinjo,38.7586,140.3008,34.92,78,6,3.31,JP,1619450483
124,tiksi,71.6872,128.8694,18.09,95,100,11.1,RU,1619450484
125,nagornskiy,58.7731,57.5451,36.0,100,100,1.99,RU,1619450484
126,nanortalik,60.1432,-45.2371,33.76,99,100,7.56,GL,1619450484
127,bambous virieux,-20.3428,57.7575,77.0,83,75,13.8,MU,1619450485
128,codrington,-38.2667,141.9667,56.77,73,97,4.9,AU,1619450485
129,cherskiy,68.75,161.3,4.87,96,55,6.31,RU,1619450485
130,buala,-8.145,159.5921,80.38,83,45,5.23,SB,1619450486
131,sinnamary,5.3833,-52.95,79.43,87,100,9.89,GF,1619450486
132,bardiyah,31.7561,25.0865,66.69,55,0,18.1,LY,1619450487
133,anadyr,64.75,177.4833,19.4,93,100,6.71,RU,1619450487
134,padang,-0.9492,100.3543,78.8,89,40,2.3,ID,1619450487
135,micheweni,-4.9667,39.8333,81.37,80,100,11.16,TZ,1619450488
136,caiaponia,-16.9567,-51.8103,84.67,34,38,1.36,BR,1619450488
137,clyde river,70.4692,-68.5914,24.8,100,90,2.3,CA,1619450488
138,norman wells,65.282,-126.8329,10.4,79,75,6.91,CA,1619450489
139,valparaiso,-33.0393,-71.6273,53.6,100,20,3.44,CL,1619450489
140,koygorodok,60.445,50.9968,40.14,74,92,5.79,RU,1619450490
141,san pedro,14.35,121.0167,81.0,74,20,8.05,PH,1619450490
142,tual,-5.6667,132.75,83.23,59,70,8.39,ID,1619450490
143,beyneu,45.3167,55.2,87.39,13,20,10.92,KZ,1619450491
144,concepcion del uruguay,-32.4825,-58.2372,68.0,66,0,1.99,AR,1619450195
145,khatanga,71.9667,102.5,15.57,94,100,10.2,RU,1619450491
146,jibuti,11.5,42.5,80.6,69,75,6.91,DJ,1619450492
147,nantucket,41.2835,-70.0995,51.8,46,1,16.11,US,1619450461
148,kerteminde,55.449,10.6577,48.2,34,0,6.91,DK,1619450492
149,acarau,-2.8856,-40.12,86.0,63,32,9.98,BR,1619450492
150,hofn,64.2539,-15.2082,44.6,53,40,17.27,IS,1619450493
151,rincon,32.296,-81.2354,73.0,64,20,8.05,US,1619450493
152,tasiilaq,65.6145,-37.6368,39.2,75,90,10.11,GL,1619450494
153,palmer,42.1584,-72.3287,48.99,34,20,13.8,US,1619450494
154,half moon bay,37.4636,-122.4286,52.0,93,75,4.14,US,1619450494
155,port elizabeth,-33.918,25.5701,59.0,94,75,14.97,ZA,1619450352
156,cabo san lucas,22.8909,-109.9124,73.4,28,40,11.5,MX,1619450495
157,iqaluit,63.7506,-68.5145,33.8,93,90,5.75,CA,1619450495
158,stephenville,32.2207,-98.2023,69.8,68,1,16.11,US,1619450496
159,wentzville,38.8114,-90.8529,69.01,60,3,5.99,US,1619450496
160,marzuq,14.4,46.4667,74.5,61,80,15.66,YE,1619450496
161,hamilton,39.1834,-84.5333,62.01,44,1,6.91,US,1619450439
162,nemuro,43.3236,145.575,32.97,71,6,14.18,JP,1619450497
163,poltavka,54.3663,71.7632,52.77,51,64,12.71,RU,1619450497
164,tres lagoas,-20.7511,-51.6783,80.01,47,95,5.73,BR,1619450497
165,severo-kurilsk,50.6789,156.125,29.84,94,100,19.73,RU,1619450498
166,saldanha,-33.0117,17.9442,64.4,77,12,17.27,ZA,1619450498
167,kibondo,-3.5864,30.7203,65.16,90,100,2.08,TZ,1619450498
168,chicama,-7.8447,-79.1469,62.6,94,90,10.36,PE,1619450499
169,faanui,-16.4833,-151.75,79.92,70,2,3.33,PF,1619450499
170,cap malheureux,-19.9842,57.6142,75.0,90,100,8.99,MU,1619450499
171,solvychegodsk,61.3305,46.9156,39.25,87,100,2.84,RU,1619450500
172,esil,51.9556,66.4042,48.9,88,100,5.26,KZ,1619450500
173,general roca,-39.0333,-67.5833,59.0,72,0,3.44,AR,1619450500
174,ketchikan,55.3422,-131.6461,42.8,75,1,6.91,US,1619450501
175,kortkeros,61.8106,51.5806,44.6,57,20,2.24,RU,1619450501
176,saint george,37.1041,-113.5841,61.0,31,90,19.57,US,1619450442
177,dunedin,-45.8742,170.5036,44.01,69,99,15.99,NZ,1619450502
178,raga,8.4596,25.678,94.69,28,69,5.7,SS,1619450502
179,sergeyevka,53.88,67.4158,51.84,56,100,13.76,KZ,1619450502
180,tynset,62.2759,10.7824,33.8,55,0,10.36,NO,1619450503
181,mimarsinan,41.0032,28.5377,57.2,58,0,8.05,TR,1619450503
182,ilulissat,69.2167,-51.1,51.8,37,75,17.27,GL,1619450504
183,kismayo,-0.3582,42.5454,83.75,71,31,11.3,SO,1619450504
184,moose factory,51.2585,-80.6094,41.0,36,1,8.05,CA,1619450504
185,teknaf,20.8624,92.3058,79.72,87,0,3.27,BD,1619450505
186,laguna,38.421,-121.4238,51.01,87,1,4.61,US,1619450505
187,esperance,-33.8667,121.9,59.0,77,100,5.46,AU,1619450505
188,paita,-5.0892,-81.1144,73.4,73,40,12.66,PE,1619450506
189,dayong,25.0209,118.2898,73.4,64,0,6.71,CN,1619450506
190,sakaiminato,35.55,133.2333,50.0,62,75,14.97,JP,1619450506
191,lithakia,37.7167,20.8333,66.2,77,20,6.91,GR,1619450507
192,torbay,47.6666,-52.7314,48.99,53,90,19.57,CA,1619450507
193,cairns,-16.9167,145.7667,73.4,94,90,12.66,AU,1619450507
194,elat,29.5581,34.9482,87.8,22,0,20.71,IL,1619450443
195,solnechnyy,50.7214,136.6319,39.76,56,68,4.36,RU,1619450508
196,carauari,-4.8828,-66.8958,81.23,84,95,4.03,BR,1619450508
197,fort-shevchenko,44.5086,50.263,58.3,72,88,3.98,KZ,1619450509
198,pochutla,15.7432,-96.4661,88.0,65,75,9.22,MX,1619450509
199,mount gambier,-37.8333,140.7667,53.6,94,90,5.75,AU,1619450510
200,torrington,41.8007,-73.1212,46.99,57,22,5.01,US,1619450510
201,new norfolk,-42.7826,147.0587,51.8,71,25,4.61,AU,1619450510
202,lazaro cardenas,17.9583,-102.2,82.17,46,100,1.61,MX,1619450331
203,san patricio,28.017,-97.5169,80.6,69,40,19.57,US,1619450504
204,avera,33.194,-82.5271,70.0,46,1,12.66,US,1619450511
205,iskateley,67.6803,53.1512,37.85,97,100,4.0,RU,1619450511
206,adrar,20.5022,-10.0711,98.26,12,5,1.77,MR,1619450512
207,airai,-8.9266,125.4092,55.83,76,11,1.95,TL,1619450512
208,lavrentiya,65.5833,-171.0,19.0,80,61,6.33,RU,1619450512
209,caravelas,-17.7125,-39.2481,85.87,56,63,9.4,BR,1619450513
210,mar del plata,-38.0023,-57.5575,62.6,63,20,4.61,AR,1619450513
211,naze,28.3667,129.4833,63.46,67,94,11.88,JP,1619450513
212,helong,42.5397,128.9972,49.03,54,100,3.6,CN,1619450514
213,ancud,-41.8697,-73.8203,57.99,82,75,11.5,CL,1619450486
214,azanka,58.0401,64.7893,46.15,47,77,7.4,RU,1619450514
215,altay,47.8667,88.1167,37.67,37,6,7.99,CN,1619450514
216,sisimiut,66.9395,-53.6735,41.04,70,97,9.6,GL,1619450515
217,abu kamal,34.4506,40.9171,98.46,8,93,18.63,SY,1619450515
218,mount isa,-20.7333,139.5,78.8,31,75,9.22,AU,1619450516
219,patacamaya,-17.2333,-67.9167,52.14,11,0,6.29,BO,1619450516
220,newport,51.5877,-2.9984,57.99,47,14,3.0,GB,1619450516
221,natal,-5.795,-35.2094,87.8,62,75,12.66,BR,1619450263
222,fairbanks,64.8378,-147.7164,32.0,74,1,4.61,US,1619450517
223,albanel,48.8832,-72.4487,28.4,80,100,18.41,CA,1619450395
224,darhan,49.4867,105.9228,37.17,57,90,7.85,MN,1619450517
225,amuntai,-2.4177,115.2494,75.52,90,98,1.32,ID,1619450517
226,hami,42.8,93.45,55.06,12,18,8.81,CN,1619450518
227,sitka,57.0531,-135.33,42.8,70,1,3.44,US,1619450475
228,carbondale,37.7273,-89.2168,69.01,45,1,14.97,US,1619450376
229,stokmarknes,68.5646,14.9108,39.2,93,90,8.05,NO,1619450518
230,tessalit,20.1986,1.0114,105.73,4,16,3.36,ML,1619450519
231,tiznit,29.5833,-9.5,70.23,44,65,14.79,MA,1619450519
232,kosa,59.9445,54.9977,35.15,93,100,8.25,RU,1619450520
233,sorong,-0.8833,131.25,79.61,82,75,3.67,ID,1619450520
234,guerrero negro,27.9769,-114.0611,60.67,67,98,7.76,MX,1619450520
235,saskylakh,71.9167,114.0833,-3.95,100,77,5.5,RU,1619450521
236,biltine,14.5333,20.9167,103.12,5,8,12.97,TD,1619450521
237,sao joao da barra,-21.6403,-41.0511,84.2,65,40,4.61,BR,1619450521
238,rapid city,44.0805,-103.231,55.99,71,1,3.44,US,1619450450
239,la ronge,55.1001,-105.2842,41.0,36,68,5.75,CA,1619450522
240,megion,61.0296,76.1136,50.0,37,0,8.95,RU,1619450522
241,panguna,-6.3164,155.4848,69.8,96,44,1.99,PG,1619450523
242,lagoa,39.05,-27.9833,60.6,75,99,5.91,PT,1619450523
243,richards bay,-28.783,32.0377,71.44,78,1,5.64,ZA,1619450524
244,walvis bay,-22.9575,14.5053,77.0,50,0,18.41,NA,1619450524
245,skjervoy,70.0311,20.9714,33.8,86,75,16.11,NO,1619450524
246,kutum,14.2,24.6667,92.05,5,61,15.14,SD,1619450525
247,novovoronezh,51.3072,39.2173,55.4,24,0,11.18,RU,1619450525
248,vallenar,-28.5708,-70.7581,69.37,51,2,4.21,CL,1619450525
249,bengkulu,-3.8004,102.2655,77.77,89,42,5.55,ID,1619450526
250,hualmay,-11.0964,-77.6139,69.98,77,13,7.78,PE,1619450526
251,kudahuvadhoo,2.6708,72.8944,83.61,71,87,6.76,MV,1619450526
252,umm lajj,25.0213,37.2685,83.79,53,0,2.39,SA,1619450528
253,mahebourg,-20.4081,57.7,77.0,83,75,13.8,MU,1619450462
254,bibiani,6.4635,-2.3194,95.79,38,64,4.0,GH,1619450528
255,mouila,-1.8685,11.0559,88.41,65,79,2.15,GA,1619450529
256,shitanjing,39.2342,106.3439,43.66,23,1,11.27,CN,1619450529
257,klaksvik,62.2266,-6.589,48.2,81,75,11.5,FO,1619450529
258,biak,-0.9131,122.8766,76.39,81,86,3.67,ID,1619450530
259,luderitz,-26.6481,15.1594,67.41,77,24,11.21,NA,1619450530
260,at-bashi,41.1702,75.8106,49.86,39,2,5.61,KG,1619450530
261,karasjok,69.4719,25.5112,32.0,93,90,11.5,NO,1619450531
262,dhuwaran,22.2333,72.8,96.8,24,20,4.61,IN,1619450531
263,srednekolymsk,67.45,153.6833,2.84,94,29,4.79,RU,1619450531
264,skaelskor,55.2506,11.2935,46.99,53,5,4.0,DK,1619450532
265,dongsheng,39.8161,109.9776,41.86,17,0,19.86,CN,1619450532
266,singkang,2.1006,102.7994,78.8,94,20,2.13,MY,1619450533
267,port hardy,50.6996,-127.4199,44.6,100,75,2.3,CA,1619450400
268,toora-khem,52.4675,96.11,29.23,81,64,3.58,RU,1619450533
269,vilhena,-12.7406,-60.1458,75.2,78,75,10.36,BR,1619450534
270,belaya gora,68.5333,146.4167,5.85,91,40,6.13,RU,1619450534
271,rafaela,-31.2503,-61.4867,70.0,42,0,4.0,AR,1619450534
272,yulara,-25.2406,130.9889,60.8,36,0,8.05,AU,1619450535
273,george town,5.4112,100.3354,86.0,84,40,3.44,MY,1619450509
274,abu dhabi,24.4667,54.3667,93.2,40,0,9.22,AE,1619450262
275,portland,45.5234,-122.6762,48.0,84,63,1.99,US,1619450491
276,hayden,47.766,-116.7866,44.01,81,75,6.91,US,1619450536
277,kirakira,-10.4544,161.9205,79.21,83,100,5.68,SB,1619450536
278,mosquera,4.7059,-74.2302,62.6,63,75,8.05,CO,1619450536
279,boa vista,2.8197,-60.6733,82.4,69,75,4.61,BR,1619450537
280,kibaya,-5.3,36.5667,67.6,72,92,4.23,TZ,1619450537
281,warrnambool,-38.3833,142.4833,53.01,96,100,5.95,AU,1619450537
282,jalu,29.0331,21.5482,81.82,19,0,7.94,LY,1619450538
283,klimovo,52.3805,32.1923,44.74,49,93,9.89,RU,1619450538
284,kulu,39.0951,33.0799,57.13,55,57,19.37,TR,1619450538
285,santiago del estero,-27.7951,-64.2615,67.19,51,0,6.24,AR,1619450373
286,dindori,22.95,81.0833,81.46,7,48,4.07,IN,1619450539
287,sahibganj,25.25,87.65,90.48,8,74,6.93,IN,1619450539
288,tateyama,34.9833,139.8667,54.0,50,40,14.97,JP,1619450540
289,broome,42.2506,-75.833,39.99,60,75,20.71,US,1619450540
290,canico,32.6333,-16.85,69.8,60,40,5.75,PT,1619450540
291,samana,19.2056,-69.3369,80.6,78,20,2.51,DO,1619450541
292,zambezi,-13.5432,23.1047,74.97,55,55,8.16,ZM,1619450541
293,san juan,-31.5375,-68.5364,69.98,41,0,3.02,AR,1619450542
294,pevek,69.7008,170.3133,14.0,94,100,2.28,RU,1619450542
295,faya,18.3851,42.4509,60.8,77,40,4.61,SA,1619450542
296,flin flon,54.7682,-101.865,35.6,69,75,6.91,CA,1619450543
297,zvishavane,-20.3267,30.0665,80.64,26,4,5.23,ZW,1619450543
298,doha,25.2867,51.5333,86.0,54,100,10.36,QA,1619450516
299,iralaya,15.0,-83.2333,86.0,74,20,10.36,HN,1619450543
300,sakakah,29.9697,40.2064,96.8,6,0,11.5,SA,1619450544
301,aklavik,68.2191,-135.0107,8.6,78,91,6.91,CA,1619450544
302,talnakh,69.4865,88.3972,10.56,87,100,8.57,RU,1619450544
303,velikiy ustyug,60.7644,46.3106,38.53,98,100,3.29,RU,1619450545
304,matara,5.9485,80.5353,80.1,83,47,3.76,LK,1619450545
305,baglan,36.1307,68.7083,72.99,35,1,2.04,AF,1619450546
306,tondano,1.3038,124.9112,75.2,94,20,1.14,ID,1619450546
307,bilma,18.6853,12.9164,106.25,6,4,10.4,NE,1619450546
308,leningradskiy,69.3833,178.4167,20.7,94,100,4.32,RU,1619450547
309,eskisehir,39.7767,30.5206,50.0,66,40,13.8,TR,1619450547
310,srandakan,-7.9386,110.2506,77.63,85,8,5.26,ID,1619450547
311,prado,-17.3411,-39.2208,83.79,62,38,10.8,BR,1619450548
312,kieta,-6.2167,155.6333,79.56,83,17,2.86,PG,1619450548
313,ghansor,22.65,79.95,87.44,8,13,5.93,IN,1619450548
314,maarianhamina,60.0973,19.9348,37.4,81,90,13.8,AX,1619450549
315,ingham,42.6,-84.3833,42.01,65,90,8.05,US,1619450549
316,haapiti,-17.5667,-149.8667,75.2,83,75,5.75,PF,1619450550
317,tsaratanana,-16.7833,47.65,76.08,81,89,7.27,MG,1619450550
318,pinyug,60.251,47.7842,36.12,98,100,4.36,RU,1619450550
319,yaan,7.3833,8.5667,99.57,31,65,4.07,NG,1619450551
320,boundiali,9.5217,-6.4869,100.42,24,72,5.57,CI,1619450551
321,almansa,38.8692,-1.0971,64.99,67,69,1.01,ES,1619450551
322,acapulco,16.8634,-99.8901,82.4,69,1,4.61,MX,1619450552
323,amudat,1.95,34.95,74.66,67,91,8.16,UG,1619450552
324,pozo colorado,-23.4923,-58.7972,74.77,36,0,7.7,PY,1619450552
325,klyuchi,52.2667,79.1667,56.55,64,100,10.94,RU,1619450553
326,krasnoarmeysk,51.0239,45.6969,55.0,6,100,3.0,RU,1619450553
327,wuda,39.4994,106.7117,48.02,20,3,10.51,CN,1619450553
328,penzance,50.1186,-5.5371,54.0,62,20,16.11,GB,1619450554
329,havoysund,70.9963,24.6622,35.6,69,75,8.05,NO,1619450554
330,krasnogorodsk,56.8357,28.2822,42.78,56,100,8.01,RU,1619450554
331,mangrol,21.1167,70.1167,82.72,73,0,13.33,IN,1619450555
332,tahta,26.7693,31.5021,87.8,20,0,18.41,EG,1619450555
333,san cristobal,7.7669,-72.225,86.0,62,40,8.05,VE,1619450555
334,brae,60.3964,-1.353,44.6,93,75,18.41,GB,1619450556
335,vredendal,-31.6683,18.5012,71.29,60,44,18.79,ZA,1619450556
336,constitucion,-35.3333,-72.4167,63.75,53,0,6.82,CL,1619450382
337,broken hill,-31.95,141.4333,59.0,55,7,9.22,AU,1619450557
338,tacuba,13.9011,-89.9297,82.4,69,0,0.87,SV,1619450557
339,kodiak,57.79,-152.4072,42.8,75,90,11.5,US,1619450471
340,nicoya,10.1483,-85.452,87.8,45,0,4.61,CR,1619450558
341,pelotas,-31.7719,-52.3425,73.4,56,40,18.41,BR,1619450558
342,tura,25.5198,90.2201,83.07,23,37,3.6,IN,1619450558
343,katsuura,35.1333,140.3,54.0,50,40,14.97,JP,1619450559
344,margate,51.3813,1.3862,48.0,55,100,7.0,GB,1619450376
345,itaituba,-4.2761,-55.9836,84.2,74,75,5.75,BR,1619450503
346,puerto rondon,6.2805,-71.1,92.41,42,63,8.19,CO,1619450559
347,morehead,37.2711,-87.1764,68.0,45,1,8.05,US,1619450560
348,afua,-0.1567,-50.3867,85.84,66,37,4.92,BR,1619450560
349,lompoc,34.6391,-120.4579,53.6,82,5,5.75,US,1619450560
350,tynda,55.1667,124.7167,36.0,95,100,6.04,RU,1619450561
351,maragogi,-9.0122,-35.2225,83.5,68,46,8.5,BR,1619450561
352,larsnes,62.2028,5.5773,48.2,45,0,6.91,NO,1619450561
353,bonthe,7.5264,-12.505,89.26,57,43,11.48,SL,1619450562
354,vangaindrano,-23.35,47.6,72.63,90,50,4.7,MG,1619450562
355,paamiut,61.994,-49.6678,34.93,98,100,10.6,GL,1619450562
356,korgen,66.0771,13.8153,41.0,56,75,10.36,NO,1619450534
357,brokopondo,4.75,-55.1667,80.08,83,99,3.42,SR,1619450563
358,shiyan,32.6475,110.7781,59.43,84,83,1.7,CN,1619450563
359,bonavista,48.6499,-53.1147,53.6,50,100,8.05,CA,1619450564
360,dingle,10.9995,122.6711,77.59,82,53,6.2,PH,1619450564
361,savelugu,9.6244,-0.8253,103.19,26,5,3.78,GH,1619450564
362,ewa beach,21.3156,-158.0072,73.4,73,1,5.75,US,1619450565
363,bichura,50.5881,107.6022,33.85,85,93,13.56,RU,1619450565
364,fortuna,40.5982,-124.1573,50.0,93,75,6.91,US,1619450565
365,meulaboh,4.1363,96.1285,79.34,84,100,4.09,ID,1619450566
366,alexandria,31.2156,29.9553,69.8,56,20,11.5,EG,1619450566
367,maceio,-9.6658,-35.7353,86.0,58,40,9.22,BR,1619450540
368,bhawanipatna,19.9,83.1667,92.32,18,100,3.76,IN,1619450567
369,voi,-3.3945,38.563,85.41,46,91,13.09,KE,1619450567
370,naryan-mar,67.6713,53.087,37.74,97,100,3.98,RU,1619450568
371,kampot,10.6167,104.1833,84.2,84,40,8.05,KH,1619450568
372,hoi an,15.8794,108.335,82.4,89,40,6.91,VN,1619450568
373,lenoir,35.2335,-77.6497,66.2,48,1,5.75,US,1619450569
374,magadan,59.5667,150.8,17.08,81,3,6.31,RU,1619450569
375,fukue,32.6881,128.8419,60.67,60,17,4.41,JP,1619450569
376,realeza,-25.7689,-53.5325,73.4,47,1,3.47,BR,1619450570
377,shimoda,34.6667,138.95,48.99,67,26,4.09,JP,1619450570
378,apricena,41.7839,15.4437,66.2,42,20,14.97,IT,1619450570
379,north bend,43.4065,-124.2243,48.0,93,90,8.05,US,1619450563
380,alice springs,-23.7,133.8833,59.0,33,0,8.05,AU,1619450571
381,college,64.8569,-147.8028,32.0,74,75,4.61,US,1619450571
382,najran,17.4924,44.1277,80.6,41,75,6.91,SA,1619450571
383,semnan,35.5729,53.3971,82.38,20,54,2.04,IR,1619450572
384,beinamar,8.6698,15.3813,101.32,19,83,7.09,TD,1619450572
385,la lira,20.4667,-100.15,68.0,64,1,3.83,MX,1619450573
386,vostok,46.4856,135.8833,33.8,53,23,5.44,RU,1619450573
387,yerbogachen,61.2767,108.0108,18.79,74,70,9.33,RU,1619450573
388,mena,51.5217,32.2157,45.39,56,99,9.17,UA,1619450574
389,kati,12.7441,-8.0726,105.8,14,20,5.75,ML,1619450575
390,port hawkesbury,45.6169,-61.3485,48.0,100,90,13.8,CA,1619450575
391,pangnirtung,66.1451,-65.7125,35.6,87,90,6.91,CA,1619450575
392,kayseri,38.737,35.4968,50.0,87,40,3.44,TR,1619450327
393,hovd,48.0056,91.6419,38.7,23,68,4.14,MN,1619450576
394,codajas,-3.8367,-62.0569,79.3,93,100,2.44,BR,1619450576
395,geraldton,-28.7667,114.6,64.4,63,73,6.91,AU,1619450577
396,rocha,-34.4833,-54.3333,65.43,58,32,12.48,UY,1619450577
397,bud,39.447,-86.1758,61.0,51,1,12.66,US,1619450577
398,kavieng,-2.5744,150.7967,81.66,75,98,2.55,PG,1619450578
399,murici,-9.3067,-35.9433,86.0,58,40,9.22,BR,1619450578
400,san quintin,30.4833,-115.95,57.63,81,100,5.66,MX,1619450578
401,blind river,46.1834,-82.9582,37.4,52,1,3.44,CA,1619450579
402,nadvoitsy,63.8667,34.3167,34.16,80,100,12.35,RU,1619450579
403,zyryanskoye,56.8306,86.6258,44.65,76,100,8.97,RU,1619450579
404,cianjur,-6.8224,107.1393,82.4,83,20,3.44,ID,1619450580
405,kahului,20.8947,-156.47,69.01,94,1,3.44,US,1619450428
406,batagay-alyta,67.8006,130.4114,23.63,97,100,2.77,RU,1619450580
407,sri aman,1.2376,111.4621,80.6,89,49,1.79,MY,1619450581
408,kargat,55.1956,80.2811,48.4,82,75,8.48,RU,1619450581
409,havelock,34.8791,-76.9013,69.01,45,1,5.75,US,1619450581
410,ponta delgada,37.7333,-25.6667,62.6,77,75,10.36,PT,1619450582
411,kankon,15.0167,74.0167,86.0,79,20,8.05,IN,1619450582
412,morgan city,29.6994,-91.2068,73.0,88,1,4.61,US,1619450582
413,nguru,12.8791,10.4526,106.99,7,65,14.38,NG,1619450583
414,xuchang,34.0167,113.8167,60.8,82,37,4.47,CN,1619450583
415,lorengau,-2.0226,147.2712,80.85,76,100,1.23,PG,1619450583
416,rumilly,45.8667,5.95,60.8,55,90,4.61,FR,1619450584
417,burgos,42.3394,-3.7079,62.6,55,20,2.3,ES,1619450584
418,saurimo,-9.6608,20.3916,77.0,69,75,8.05,AO,1619450584
419,colonelganj,27.1333,81.7,89.49,5,0,5.48,IN,1619450585
420,conner,17.7964,121.3275,72.12,93,97,2.53,PH,1619450585
421,nioro,13.35,-15.75,102.22,11,7,7.2,GM,1619450287
422,semme,46.1963,1.5007,59.0,58,0,5.75,FR,1619450586
423,charlestown,-32.95,151.6667,59.0,91,1,3.0,AU,1619450586
424,noumea,-22.2763,166.4572,75.99,94,90,4.61,NC,1619450542
425,mahajanga,-15.7167,46.3167,82.4,78,20,5.75,MG,1619450587
426,pombas,17.1503,-25.0201,77.0,53,75,25.32,CV,1619450587
427,isangel,-19.55,169.2667,76.28,78,100,11.18,VU,1619450587
428,kiunga,-6.1219,141.2906,73.8,99,100,1.3,PG,1619450588
429,hirara,24.8,125.2833,71.87,64,99,12.59,JP,1619450588
430,punto fijo,11.6956,-70.1996,83.28,63,33,23.85,VE,1619450588
431,toamasina,-18.1667,49.3833,75.2,94,75,4.61,MG,1619450589
432,yar-sale,66.8333,70.8333,34.66,91,100,15.86,RU,1619450589
433,haines junction,60.7522,-137.5108,30.2,74,1,2.24,CA,1619450589
434,ahipara,-35.1667,173.1667,56.48,81,5,6.78,NZ,1619450590
435,lata,40.1629,-8.3327,71.01,67,81,4.0,PT,1619450590
436,maloy,61.9353,5.1136,48.2,49,20,6.91,NO,1619450591
437,excelsior springs,39.3392,-94.2261,71.01,52,1,16.11,US,1619450591
438,kirs,59.3388,52.2447,33.75,97,100,9.69,RU,1619450591
439,naron,43.5167,-8.1528,60.8,88,75,5.75,ES,1619450592
440,greenville,35.6127,-77.3663,66.2,48,1,5.75,US,1619450557
441,anahuac,27.2333,-100.15,75.2,83,90,12.66,MX,1619450592
442,kamenka,51.3223,42.7678,55.0,38,91,9.33,RU,1619450592
443,oussouye,12.485,-16.5469,96.8,74,0,11.5,SN,1619450593
444,abancay,-13.6339,-72.8814,50.0,57,75,4.61,PE,1619450321
445,nelson bay,-32.7167,152.15,57.0,100,75,3.2,AU,1619450593
446,vao,-22.6667,167.4833,73.72,70,88,21.43,NC,1619450594
447,fare,-16.7,-151.0167,80.31,67,7,1.66,PF,1619450594
448,banda aceh,5.5577,95.3222,80.35,81,99,6.78,ID,1619450594
449,pontecagnano,40.6425,14.8735,71.01,46,20,5.75,IT,1619450595
450,djibo,14.1022,-1.6306,106.48,12,85,3.36,BF,1619450595
451,necochea,-38.5473,-58.7368,66.0,66,0,1.01,AR,1619450595
452,aranos,-24.1333,19.1167,84.15,12,31,10.71,NA,1619450478
453,russell,32.3502,-85.1999,68.0,60,1,3.44,US,1619450596
454,zykovo,55.9519,93.1461,35.6,75,0,2.24,RU,1619450596
455,pasighat,28.0667,95.3333,78.98,34,62,6.4,IN,1619450597
456,tilichiki,60.4667,166.1,29.62,99,100,2.59,RU,1619450597
457,sovetskiy,61.3614,63.5842,44.65,48,95,9.01,RU,1619450597
458,gamba,-2.65,10.0,83.89,71,100,9.89,GA,1619450598
459,vanimo,-2.6741,141.3028,77.43,83,82,1.41,PG,1619450598
460,pontes e lacerda,-15.2261,-59.3353,72.52,76,87,5.3,BR,1619450598
461,abha,18.2164,42.5053,60.8,77,40,4.61,SA,1619450599
462,togur,58.3631,82.8265,39.83,92,96,10.42,RU,1619450599
463,ukiah,39.1502,-123.2078,42.01,87,20,3.0,US,1619450599
464,tabuk,17.4189,121.4443,72.66,87,100,5.32,PH,1619450600
465,belmonte,-15.8631,-38.8828,84.2,61,40,14.97,BR,1619450600
466,anloga,5.7947,0.8973,89.6,70,20,11.5,GH,1619450601
467,safaga,26.7292,33.9365,82.4,36,0,14.97,EG,1619450601
468,dali,25.7,100.1833,60.78,38,0,6.31,CN,1619450601
469,dolores,-36.3132,-57.6792,61.92,62,0,6.4,AR,1619450602
470,egvekinot,66.3167,-179.1667,13.69,85,54,3.74,RU,1619450602
471,sorland,67.667,12.6934,39.2,60,75,8.05,NO,1619450603
472,key west,24.5557,-81.7826,82.4,74,20,6.91,US,1619450537
473,hervey bay,-25.2986,152.8535,64.0,82,0,8.05,AU,1619450603
474,zhigansk,66.7697,123.3711,13.21,91,100,10.22,RU,1619450604
475,kineta,37.9709,23.2183,70.0,43,20,6.91,GR,1619450604
476,hastings,50.8552,0.5729,54.0,66,0,20.71,GB,1619450604
477,honningsvag,70.9821,25.9704,35.6,55,40,11.5,NO,1619450605
478,angoche,-16.2325,39.9086,79.07,79,70,6.53,MZ,1619450605
479,mungwi,-10.1732,31.3694,70.81,71,96,1.54,ZM,1619450605
480,tomatlan,19.9333,-105.25,80.92,54,100,1.25,MX,1619450606
481,playas,-2.6333,-80.3833,76.17,78,97,4.63,EC,1619450346
482,moree,-29.4667,149.85,53.6,71,0,11.5,AU,1619450606
483,novaya igirma,57.1334,103.9112,27.77,88,37,7.54,RU,1619450606
484,katherine,-14.4667,132.2667,78.8,78,100,6.91,AU,1619450607
485,bathsheba,13.2167,-59.5167,84.2,54,75,21.85,BB,1619450607
486,bouza,14.4229,6.0428,106.72,9,42,12.97,NE,1619450607
487,losevo,50.6767,40.045,54.18,51,72,12.93,RU,1619450608
488,port hedland,-20.3167,118.5667,69.8,68,0,6.91,AU,1619450608
489,navlya,52.8281,34.4989,44.6,45,40,4.47,RU,1619450608
490,vestmannaeyjar,63.4427,-20.2734,48.2,76,0,10.36,IS,1619450609
491,hambantota,6.1241,81.1185,82.4,100,75,4.61,LK,1619450609
492,sheopur,25.6667,76.7,91.58,4,1,4.16,IN,1619450609
493,ngunguru,-35.6167,174.5,48.0,95,5,1.99,NZ,1619450610
494,parry sound,45.3501,-80.033,39.2,35,74,4.7,CA,1619450380
495,belyy yar,53.6039,91.3903,42.8,45,100,4.47,RU,1619450611
496,mahibadhoo,3.7833,72.9667,82.81,74,47,5.91,MV,1619450611
497,carutapera,-1.195,-46.02,86.16,62,92,7.27,BR,1619450576
498,puerto quijarro,-17.7833,-57.7667,82.71,48,42,5.12,BO,1619450611
499,turan,16.0678,108.2208,82.4,89,40,6.91,VN,1619450468
500,troitskoye,52.9821,84.6757,47.19,65,100,11.9,RU,1619450612
501,sobolevo,54.4299,31.8996,41.94,50,82,8.16,RU,1619450612
502,olutanga,7.3106,122.8464,83.12,68,65,1.14,PH,1619450613
503,bukama,-9.2,25.85,81.34,77,79,1.7,CD,1619450613
504,umea,63.8284,20.2597,41.0,42,0,10.36,SE,1619450613
505,koumac,-20.5667,164.2833,71.92,76,38,14.29,NC,1619450614
506,filingue,14.3521,3.3168,107.91,12,44,3.36,NE,1619450614
507,torata,-17.0769,-70.8433,66.88,20,0,5.99,PE,1619450614
508,turukhansk,65.8167,87.9833,17.62,92,27,4.18,RU,1619450615
509,ghorawal,24.7667,82.7833,88.81,8,75,3.85,IN,1619450615
510,tifton,31.4505,-83.5085,73.99,60,1,4.61,US,1619450615
511,guaruja,-23.9931,-46.2564,77.0,78,90,3.44,BR,1619450616
512,nuuk,64.1835,-51.7216,35.6,100,90,8.05,GL,1619450616
513,rtishchevo,52.2604,43.7874,51.26,53,100,2.44,RU,1619450616
514,pacific grove,36.6177,-121.9166,52.0,76,1,3.44,US,1619450464
515,ayan,56.45,138.1667,25.84,92,97,3.4,RU,1619450617
516,saint-augustin,51.226,-58.6502,43.5,67,100,16.2,CA,1619450617
517,salekhard,66.53,66.6019,34.05,99,100,9.04,RU,1619450618
518,thaba nchu,-29.2093,26.839,73.4,23,0,4.61,ZA,1619450618
519,daru,-9.0763,143.2092,77.47,87,100,3.87,PG,1619450618
520,shemysheyka,52.892,45.3928,55.0,16,37,3.4,RU,1619450619
521,mugur-aksy,50.35,90.5,25.29,49,93,3.31,RU,1619450619
522,kloulklubed,7.0419,134.2556,77.0,94,75,6.4,PW,1619450620
523,okahandja,-21.9833,16.9167,80.01,21,0,4.61,NA,1619450620
524,redmond,47.674,-122.1215,48.99,92,76,3.56,US,1619450505
525,kuala pilah,2.7389,102.2487,80.01,94,20,0.27,MY,1619450621
526,muroto,33.2833,134.15,58.21,58,89,9.17,JP,1619450621
527,zhanaozen,43.3,52.8,73.13,34,5,11.27,KZ,1619450621
528,quatre cocos,-20.2078,57.7625,77.0,83,75,13.8,MU,1619450622
529,komsomolskiy,40.4272,71.7189,78.8,21,0,4.61,UZ,1619450622
530,viedma,-40.8135,-62.9967,65.26,42,39,14.63,AR,1619450623
531,stromness,58.965,-3.296,46.4,93,90,6.91,GB,1619450623
532,lundazi,-12.2929,33.1782,72.45,73,88,5.1,ZM,1619450623
533,cap-aux-meules,47.3821,-61.8597,42.8,93,100,21.85,CA,1619450624
534,manhattan,40.7834,-73.9662,51.8,40,1,10.36,US,1619450343
535,kulhudhuffushi,6.6221,73.07,85.14,70,11,5.21,MV,1619450624
536,waingapu,-9.6567,120.2641,74.84,72,30,8.97,ID,1619450625
537,mhlume,-26.0333,31.85,78.01,61,49,3.85,SZ,1619450625
538,ritchie,-29.038,24.6028,78.8,19,0,4.61,ZA,1619450625
539,abeche,13.8292,20.8324,103.14,5,11,11.05,TD,1619450626
540,bejar,40.3864,-5.7634,62.6,59,20,8.05,ES,1619450626
541,timra,62.487,17.3257,44.6,36,57,12.66,SE,1619450626
542,krasnoselkup,65.7,82.4667,26.6,91,16,11.07,RU,1619450627
543,nkongsamba,4.9547,9.9404,83.79,57,64,3.29,CM,1619450627
544,salta,-24.7859,-65.4117,61.0,72,75,3.44,AR,1619450359
